Country Code,Country Name
AFE,Africa Eastern and Southern
AFW,Africa Western and Central
ARB,Arab World
CSS,Caribbean small states
CAF,Central African Republic
CEB,Central Europe and the Baltics
EAS,East Asia & Pacific
TEA,East Asia & Pacific (IDA & IBRD countries)
EAP,East Asia & Pacific (excluding high income)
EGY,"Egypt, Arab Rep."
EMU,Euro area
ECS,Europe & Central Asia
TEC,Europe & Central Asia (IDA & IBRD countries)
ECA,Europe & Central Asia (excluding high income)
EUU,European Union
HPC,Heavily indebted poor countries (HIPC)
HIC,High income
IBD,IBRD only
IBT,IDA & IBRD total
IDB,IDA blend
IDX,IDA only
IDA,IDA total
LCN,Latin America & Caribbean
LAC,Latin America & Caribbean (excluding high income)
TLA,Latin America & the Caribbean (IDA & IBRD countries)
LDC,Least developed countries: UN classification
LMY,Low & middle income
LIC,Low income
LMC,Lower middle income
MEA,"Middle East, North Africa, Afghanistan & Pakistan"
TMN,"Middle East, North Africa, Afghanistan & Pakistan (IDA & IBRD)"
MNA,"Middle East, North Africa, Afghanistan & Pakistan (excluding high income)"
MIC,Middle income
OED,OECD members
OSS,Other small states
PSS,Pacific island small states
SAU,Saudi Arabia
SST,Small states
ZAF,South Africa
SAS,South Asia
TSA,South Asia (IDA & IBRD)
SSF,Sub-Saharan Africa
TSS,Sub-Saharan Africa (IDA & IBRD countries)
SSA,Sub-Saharan Africa (excluding high income)
SYR,Syrian Arab Republic
TTO,Trinidad and Tobago
ARE,United Arab Emirates
UMC,Upper middle income
WLD,World
