Series Name,Series Code,Country Name,Country Code,2006 [YR2006],2007 [YR2007],2008 [YR2008],2009 [YR2009],2010 [YR2010],2011 [YR2011],2012 [YR2012],2013 [YR2013],2014 [YR2014],2015 [YR2015],2016 [YR2016],2017 [YR2017],2018 [YR2018],2019 [YR2019],2020 [YR2020]
"Suicide mortality rate (per 100,000 population)",SH.STA.SUIC.P5,Arab World,ARB,4.41544484606833,4.42781654664979,4.46584935215775,4.47498835685814,4.50705755204066,4.57328965207767,4.58472285828949,4.50249072460294,4.44116570993518,4.33351647699615,4.25802950958723,4.17946185166376,4.21268374781295,4.18032530134748,..
"Suicide mortality rate (per 100,000 population)",SH.STA.SUIC.P5,Caribbean small states,CSS,8.98550219330499,9.02866931215513,9.47640803222975,9.36092469305388,9.42087731393831,9.11256637737425,9.30277851579554,9.78358785701391,9.65019358792985,9.64935309609345,9.53574643854591,9.63446446201467,9.72597573002399,9.82628287062887,..
"Suicide mortality rate (per 100,000 population)",SH.STA.SUIC.P5,Central Europe and the Baltics,CEB,17.3411855404999,16.2963760017342,16.9838106884236,18.0384755193142,17.8168172731795,17.2739908584517,17.7223873005324,17.0162544049377,16.1696054460136,15.4089357736803,14.0390585426503,13.8153828460204,13.3503879612927,12.5212561983578,..
"Suicide mortality rate (per 100,000 population)",SH.STA.SUIC.P5,Early-demographic dividend,EAR,10.0357863358003,9.9122468663653,9.86168539885717,9.59485823650711,9.56631528759945,9.57055792941515,9.35533578999506,9.08154375113717,8.69993107947965,8.46094495168835,8.34689950083398,8.30232319687811,8.4823218945933,8.47105731803597,..
"Suicide mortality rate (per 100,000 population)",SH.STA.SUIC.P5,East Asia & Pacific,EAS,10.925991301592,10.6588007981306,10.3994424649956,10.2849272862283,9.91184579315544,9.50649326949541,8.90773416943527,8.62965816442438,8.39081652690437,8.13815169415876,8.08464208750403,7.95116571285003,7.97661841777607,7.89413891809218,..
"Suicide mortality rate (per 100,000 population)",SH.STA.SUIC.P5,East Asia & Pacific (excluding high income),EAP,9.73196308921516,9.29398789097966,8.99760729865082,8.71029803557461,8.35605184872013,7.95775649700644,7.51669901817143,7.2279506892785,7.08231849879164,6.89415042013796,6.97031706788571,6.88316506104025,6.87538138019055,6.86800122479052,..
"Suicide mortality rate (per 100,000 population)",SH.STA.SUIC.P5,East Asia & Pacific (IDA & IBRD),TEA,9.74257593180112,9.29773114340079,8.99249541226808,8.70155688176933,8.34158584501137,7.9357810908234,7.48925435343722,7.19447228943248,7.0458725829257,6.84922925821683,6.92770254066361,6.8470249339347,6.84539692218986,6.83672625050256,..
"Suicide mortality rate (per 100,000 population)",SH.STA.SUIC.P5,Euro area,EMU,12.4522292978406,12.0304667897139,12.3535807521792,12.5537457362612,12.4027383294416,12.5024680050355,12.5505148249714,12.5992719351822,12.2610686372767,12.0367986212854,11.6309399092471,11.6503516139716,11.4138017622132,11.1471810040169,..
"Suicide mortality rate (per 100,000 population)",SH.STA.SUIC.P5,Europe & Central Asia,ECS,18.7038049445975,17.8012357053292,17.7147612076468,17.1421285786042,16.8201560645425,16.3403821175893,16.0743058398655,15.8143615485929,15.6229803875003,14.9765479880376,14.3906419034952,13.6795329184373,13.4455385598618,12.8184081267802,..
"Suicide mortality rate (per 100,000 population)",SH.STA.SUIC.P5,Europe & Central Asia (excluding high income),ECA,26.7618651229995,25.32786048482,24.59521113093,22.8315598414355,22.3182637270823,21.0993627398265,20.3300205017305,19.7149615116268,19.8153213812198,18.6178634970093,18.0254085552737,16.4459778291865,16.1738917152288,15.2199689043602,..
"Suicide mortality rate (per 100,000 population)",SH.STA.SUIC.P5,Europe & Central Asia (IDA & IBRD),TEC,25.1488781366672,23.7494650105715,23.2595043460082,21.9738024925472,21.5355189977478,20.3748291505877,19.8042618766701,19.2178080536829,19.2081291131408,18.0660788900013,17.3157626270156,15.9036250870951,15.6328578026876,14.6732206018185,..
"Suicide mortality rate (per 100,000 population)",SH.STA.SUIC.P5,European Union,EUU,13.3695476413401,12.8014084392495,13.2055503227252,13.5849582010866,13.4300516207853,13.3799584534428,13.5516319251937,13.4171836034635,12.9696013199973,12.6368760575182,12.0112606686159,11.9914277183705,11.7575625828075,11.342756985454,..
"Suicide mortality rate (per 100,000 population)",SH.STA.SUIC.P5,Heavily indebted poor countries (HIPC),HPC,7.58339208544781,7.43812492661889,7.34958061450673,7.36483197505577,7.2695778407978,7.14561093107582,6.94639665228422,6.80258665443762,6.60449310993715,6.48097457411823,6.37343837180942,6.29051165057268,6.25548139617977,6.23223316417894,..
"Suicide mortality rate (per 100,000 population)",SH.STA.SUIC.P5,High income,HIC,13.888058904531,14.0105656660443,14.2960753182384,14.7520070321626,14.6412920349,14.6345052556034,14.3243067479866,14.274362269304,14.0431588523274,13.8801386066236,13.5507236583286,13.6536685607274,13.5341344609911,13.3272138858314,..
"Suicide mortality rate (per 100,000 population)",SH.STA.SUIC.P5,IBRD only,IBD,12.3743840474551,11.9729277364256,11.7620494640957,11.364126794719,11.1452870449843,10.8665147546506,10.4936938819973,10.1272726914983,9.80777758276198,9.47997685170593,9.37618383699108,9.21808823846364,9.3368223277428,9.23829215905891,..
"Suicide mortality rate (per 100,000 population)",SH.STA.SUIC.P5,IDA & IBRD total,IBT,11.1485051057896,10.8131653326573,10.6275282268119,10.3030635594886,10.1064184122627,9.8576445204302,9.53679494386896,9.23010853707655,8.95044881511433,8.67407421234637,8.57330983289387,8.42929375340925,8.4992860981759,8.41413096607151,..
"Suicide mortality rate (per 100,000 population)",SH.STA.SUIC.P5,IDA blend,IDB,7.47790655846593,7.5130309651621,7.48601435303679,7.37269938547926,7.30444118661683,7.25039649642443,7.20548162294392,7.15551857576327,7.0319560003359,6.95307400031057,6.92092776700606,6.81652460597162,6.69016328221611,6.66493107327398,..
"Suicide mortality rate (per 100,000 population)",SH.STA.SUIC.P5,IDA only,IDX,6.68614338935148,6.58466060385925,6.52373986571393,6.53038689161791,6.44630033133188,6.30773300046564,6.1525535698266,6.05106366193257,5.92869213794382,5.83857373165766,5.76422286459857,5.71061427563538,5.71313375692496,5.70892261139528,..
"Suicide mortality rate (per 100,000 population)",SH.STA.SUIC.P5,IDA total,IDA,6.95015444362883,6.8943028847155,6.8448687965774,6.81169701861362,6.73329199173999,6.62345112536707,6.50556590080234,6.42174081387741,6.2993279997186,6.21327109421321,6.15331560595682,6.082730882095,6.04191321689408,6.03059763120736,..
"Suicide mortality rate (per 100,000 population)",SH.STA.SUIC.P5,Late-demographic dividend,LTE,13.2205565557301,12.6077954656305,12.2851350944813,11.941337577618,11.5530511196798,10.9765363079779,10.5024932813802,10.1272467279608,9.9642407642437,9.67757029890504,9.62541692912479,9.35272721939336,9.2973833779895,9.12077587903178,..
"Suicide mortality rate (per 100,000 population)",SH.STA.SUIC.P5,Latin America & Caribbean,LCN,5.47812455058331,5.50285427658024,5.68715221429825,5.76329609715577,5.65093885403873,5.84203858885297,5.83029764133846,5.83932763221228,5.95172385942582,6.02930874417831,6.03141925194478,6.36124505587295,6.32604114873164,6.19915238043627,..
"Suicide mortality rate (per 100,000 population)",SH.STA.SUIC.P5,Latin America & Caribbean (excluding high income),LAC,5.33788105407783,5.33829178321321,5.52005784714741,5.61591394594927,5.5151131460258,5.7148100303114,5.76008448223406,5.84244946661968,5.97105371953135,6.04298751516168,6.030256532326,6.41443205559445,6.38723952892215,6.24293790833441,..
"Suicide mortality rate (per 100,000 population)",SH.STA.SUIC.P5,Latin America & Caribbean (IDA & IBRD),TLA,5.3326158416331,5.37020900027215,5.54635430520322,5.60982633095201,5.48299761570516,5.68582584288407,5.68144852540371,5.69040970963906,5.81549837754397,5.8845083326523,5.89906460016512,6.21653432525761,6.18565942429894,6.05416229511049,..
"Suicide mortality rate (per 100,000 population)",SH.STA.SUIC.P5,Least developed countries: UN classification,LDC,6.7485361021355,6.60811009255518,6.56156398830902,6.53732598033942,6.43779024325394,6.27768365453004,6.09873131332623,5.98212198059971,5.85413148699561,5.7754514957335,5.72151541963761,5.66854228134229,5.68591634151621,5.68672045974843,..
"Suicide mortality rate (per 100,000 population)",SH.STA.SUIC.P5,Low & middle income,LMY,11.1276030581507,10.7999493578831,10.6038747659658,10.2615623854104,10.0676798266469,9.82475768470524,9.49866771989559,9.20101541545395,8.92573264184749,8.65669852611875,8.57000165707242,8.42951511384463,8.50201870690955,8.42595768071174,..
"Suicide mortality rate (per 100,000 population)",SH.STA.SUIC.P5,Low income,LIC,7.25446863548303,7.07751378715496,6.9958439602137,7.00368801663927,6.91859701329855,6.82317930531238,6.64104058630135,6.50249555299176,6.35275967339386,6.2736254399591,6.21926544507294,6.14010734521876,6.1355836966927,6.1107208449242,..
"Suicide mortality rate (per 100,000 population)",SH.STA.SUIC.P5,Lower middle income,LMC,10.4970603701721,10.3965154959739,10.2567092096283,9.92297959523317,9.89228302949176,9.86510008195695,9.62841302091394,9.31188336425257,8.86701083534493,8.58427707429482,8.44286756170465,8.33191652762525,8.55081710311166,8.55794152331338,..
"Suicide mortality rate (per 100,000 population)",SH.STA.SUIC.P5,Middle East & North Africa,MEA,4.66466140887715,4.75322481226768,4.74425806017373,4.76368603522858,4.84048269978036,4.96871553594714,4.97139632059344,4.85600958999123,4.78427762143252,4.63666155152474,4.56115378676031,4.45161151079749,4.42243983021394,4.30939395809769,..
"Suicide mortality rate (per 100,000 population)",SH.STA.SUIC.P5,Middle East & North Africa (excluding high income),MNA,4.61448969913727,4.67796177079815,4.6231435061297,4.5912076774087,4.61903142438425,4.75233968897042,4.73926436351255,4.63252994653607,4.55733349801181,4.4384526858341,4.34983074776659,4.24177242616048,4.19464041674049,4.05730504412344,..
"Suicide mortality rate (per 100,000 population)",SH.STA.SUIC.P5,Middle East & North Africa (IDA & IBRD),TMN,4.61448969913727,4.67796177079815,4.62314350612969,4.5912076774087,4.61903142438425,4.75233968897042,4.73926436351255,4.63252994653607,4.55733349801181,4.4384526858341,4.34983074776658,4.24177242616048,4.19464041674049,4.05730504412344,..
"Suicide mortality rate (per 100,000 population)",SH.STA.SUIC.P5,Middle income,MIC,11.4972166446588,11.1611432837546,10.9597511528716,10.5880622742293,10.3881609384745,10.1346966862343,9.79782293602245,9.48734346943144,9.20248362141882,8.91664154796159,8.83011910407758,8.68655245710969,8.77177687595929,8.69410598817411,..
"Suicide mortality rate (per 100,000 population)",SH.STA.SUIC.P5,North America,NAC,12.0114248061419,12.3114087694636,12.5817323371143,12.7209662676566,13.000956258576,13.1915356058525,13.3307069667749,13.3601249364287,13.8697977066911,14.2597693735794,14.7782951198771,15.6069650321006,15.3231393966292,15.6581538373569,..
"Suicide mortality rate (per 100,000 population)",SH.STA.SUIC.P5,OECD members,OED,12.3856257110875,12.496988135501,12.7635345489662,13.170941033592,13.0313617198194,13.083921185908,12.7558690753915,12.7584801738402,12.6010311305612,12.4695492512027,12.1993640016669,12.3324908282233,12.1443006308995,11.9494811760608,..
"Suicide mortality rate (per 100,000 population)",SH.STA.SUIC.P5,Other small states,OSS,15.7019424596946,16.1279168624815,16.5838810373779,16.6743887507713,16.1658443553633,15.941210581031,16.4860682451064,16.4880455146668,16.6336060297538,16.0194320661879,15.2307332239896,14.5043676162698,13.9843131369362,13.5091098539066,..
"Suicide mortality rate (per 100,000 population)",SH.STA.SUIC.P5,Post-demographic dividend,PST,15.2256996978766,15.3981058290177,15.6061752320788,15.7847549056021,15.6245027956353,15.5957180118978,15.2099630499383,15.1742341695913,15.0261765237595,14.8075218735994,14.528910075163,14.6584746937976,14.6135332916693,14.4231789499567,..
"Suicide mortality rate (per 100,000 population)",SH.STA.SUIC.P5,Pre-demographic dividend,PRE,6.72692069981493,6.58122632933062,6.48542195836048,6.46934929480773,6.41433815239393,6.35899642640929,6.22427660019048,6.12859948404703,5.9177878458856,5.76793898891611,5.68286381224866,5.61409395175524,5.59543285133639,5.58518603493362,..
"Suicide mortality rate (per 100,000 population)",SH.STA.SUIC.P5,Small states,SST,14.1567107454966,14.5240890248837,14.9883712115647,15.0540845769628,14.7140028012147,14.5089424851656,14.9729714982577,15.0776705520378,15.167297301458,14.7140726889171,14.106266439122,13.5855377639633,13.2074587222999,12.863943724244,..
"Suicide mortality rate (per 100,000 population)",SH.STA.SUIC.P5,South Asia,SAS,13.6626713245622,13.4381804836588,13.2258594512123,12.8045132285366,12.8490211522618,12.8222835644328,12.4813758564969,11.9974419663682,11.2860216763799,10.9347663112744,10.7886330983359,10.7190181884044,11.1468222712369,11.2256803036165,..
"Suicide mortality rate (per 100,000 population)",SH.STA.SUIC.P5,South Asia (IDA & IBRD),TSA,13.6626713245622,13.4381804836588,13.2258594512123,12.8045132285366,12.8490211522618,12.8222835644328,12.4813758564969,11.9974419663682,11.2860216763799,10.9347663112744,10.7886330983359,10.7190181884044,11.1468222712369,11.2256803036165,..
"Suicide mortality rate (per 100,000 population)",SH.STA.SUIC.P5,Sub-Saharan Africa,SSF,8.44243011368393,8.41442813908619,8.5028116727391,8.47805947707466,8.23776094296193,7.98547794493282,7.82755478869137,7.72121455320968,7.52997842831949,7.38589720191429,7.25469697739845,7.16021934875031,7.03949325846939,6.97577884359772,..
"Suicide mortality rate (per 100,000 population)",SH.STA.SUIC.P5,Sub-Saharan Africa (excluding high income),SSA,8.44246727885063,8.41451461664962,8.50288594272512,8.47816045374976,8.2378061681908,7.98548631517358,7.82756706311298,7.72121657688942,7.52994353725496,7.38583956590665,7.25462796272752,7.1601153172929,7.0393891121292,6.97567968736649,..
"Suicide mortality rate (per 100,000 population)",SH.STA.SUIC.P5,Sub-Saharan Africa (IDA & IBRD),TSS,8.44243011368393,8.41442813908619,8.5028116727391,8.47805947707466,8.23776094296193,7.98547794493282,7.82755478869137,7.72121455320968,7.52997842831949,7.38589720191429,7.25469697739845,7.16021934875031,7.03949325846939,6.97577884359772,..
"Suicide mortality rate (per 100,000 population)",SH.STA.SUIC.P5,Upper middle income,UMC,12.6923932910134,12.0831175587842,11.8148951785061,11.4040041669993,11.0018045218007,10.4709859112649,10.0105798156696,9.70917709642043,9.62947309827273,9.34260762689993,9.3298375388659,9.14720034957632,9.06090435802292,8.87370288136416,..
"Suicide mortality rate (per 100,000 population)",SH.STA.SUIC.P5,World,WLD,11.5650574195402,11.3114731909199,11.1937554857372,10.9817327657173,10.7990994892964,10.5914164372244,10.2624725357352,9.99844350545058,9.72492416479845,9.47020150303671,9.34026244663089,9.23461816971548,9.27205648678212,9.17077252414482,..
"Suicide mortality rate (per 100,000 population)",SH.STA.SUIC.P5,Afghanistan,AFG,4.9,4.8,4.6,4.4,4.3,4.1,4,4,3.9,4,4,4.1,4.1,4.1,..
"Suicide mortality rate (per 100,000 population)",SH.STA.SUIC.P5,Albania,ALB,7.8,8.1,8.2,8.1,7.8,7.9,5.2,5.3,5,4.8,4.7,4.7,4.5,4.3,..
"Suicide mortality rate (per 100,000 population)",SH.STA.SUIC.P5,Algeria,DZA,3.7,3.5,3.4,3.2,3,3,2.9,2.9,2.8,2.7,2.6,2.5,2.5,2.5,..
"Suicide mortality rate (per 100,000 population)",SH.STA.SUIC.P5,American Samoa,ASM,..,..,..,..,..,..,..,..,..,..,..,..,..,..,..
"Suicide mortality rate (per 100,000 population)",SH.STA.SUIC.P5,Andorra,AND,..,..,..,..,..,..,..,..,..,..,..,..,..,..,..
"Suicide mortality rate (per 100,000 population)",SH.STA.SUIC.P5,Angola,AGO,8.6,7.4,7.5,6.7,7,6.6,6.9,6.9,6.4,6.5,6.2,6,6,6.1,..
"Suicide mortality rate (per 100,000 population)",SH.STA.SUIC.P5,Antigua and Barbuda,ATG,0.5,0.4,0.3,0,0.2,0.2,0,0,0.4,0.4,0.5,0,0.4,0.4,..
"Suicide mortality rate (per 100,000 population)",SH.STA.SUIC.P5,Argentina,ARG,8.6,8.3,8.7,8.4,8.6,8.5,9.1,8.6,9.3,8.3,8.3,8.9,9.2,8.4,..
"Suicide mortality rate (per 100,000 population)",SH.STA.SUIC.P5,Armenia,ARM,5.9,5.8,4.8,4.8,6.8,6.8,7.4,6.4,6.3,6.2,5.7,3,2.1,3.3,..
"Suicide mortality rate (per 100,000 population)",SH.STA.SUIC.P5,Aruba,ABW,..,..,..,..,..,..,..,..,..,..,..,..,..,..,..
"Suicide mortality rate (per 100,000 population)",SH.STA.SUIC.P5,Australia,AUS,10.6,10.9,11.6,11.2,11.7,11.2,11.7,11.5,12.7,13.2,12.2,13.1,12.4,12.5,..
"Suicide mortality rate (per 100,000 population)",SH.STA.SUIC.P5,Austria,AUT,16.4,16,15.8,16,16.1,16.5,16.3,16.2,16.5,16,15.5,15.4,15.7,14.6,..
"Suicide mortality rate (per 100,000 population)",SH.STA.SUIC.P5,Azerbaijan,AZE,4.7,4.9,4.7,4.6,4.6,4.5,4.4,4.3,4.2,4.1,4,4,4,4.1,..
"Suicide mortality rate (per 100,000 population)",SH.STA.SUIC.P5,"Bahamas, The",BHS,3.5,3.2,3.3,3.3,3.6,3.7,3.5,3.1,3.3,3.5,3.6,3.4,3.5,3.5,..
"Suicide mortality rate (per 100,000 population)",SH.STA.SUIC.P5,Bahrain,BHR,8.2,9.6,9.2,8.6,8.2,7.9,7.4,7.1,7.4,7.4,7.7,8.1,8.6,8.9,..
"Suicide mortality rate (per 100,000 population)",SH.STA.SUIC.P5,Bangladesh,BGD,5,4.9,4.7,4.6,4.4,4,3.7,3.5,3.5,3.4,3.4,3.5,3.6,3.7,..
"Suicide mortality rate (per 100,000 population)",SH.STA.SUIC.P5,Barbados,BRB,1.6,1.5,1,1.5,1.6,1,0.5,0.3,0.6,0.6,0.6,0.6,0.6,0.6,..
"Suicide mortality rate (per 100,000 population)",SH.STA.SUIC.P5,Belarus,BLR,40.9,36.8,36.7,36.5,35.9,36.2,29.9,27.9,26.3,24.3,24.2,23.3,22.8,21.2,..
"Suicide mortality rate (per 100,000 population)",SH.STA.SUIC.P5,Belgium,BEL,20.2,18.7,20.3,20.6,20.5,21.1,20.8,19.5,19.4,18.6,19.3,18.9,18.7,18.3,..
"Suicide mortality rate (per 100,000 population)",SH.STA.SUIC.P5,Belize,BLZ,5.6,5.2,4.4,6.2,6.9,6.8,6.3,5.9,6,6,5.8,7,6.5,7.1,..
"Suicide mortality rate (per 100,000 population)",SH.STA.SUIC.P5,Benin,BEN,8.6,8.5,8.2,8.5,8.4,8.5,8.3,8.3,8.2,8.1,8,8,7.9,7.8,..
"Suicide mortality rate (per 100,000 population)",SH.STA.SUIC.P5,Bermuda,BMU,..,..,..,..,..,..,..,..,..,..,..,..,..,..,..
"Suicide mortality rate (per 100,000 population)",SH.STA.SUIC.P5,Bhutan,BTN,4.5,4.4,4.3,4.3,4.2,4.3,4.3,4.4,4.4,4.5,4.5,4.6,4.6,4.6,..
"Suicide mortality rate (per 100,000 population)",SH.STA.SUIC.P5,Bolivia,BOL,5.9,6.1,6,6,6,6.1,6,6,6.2,6.4,6.6,6.4,6.3,6.2,..
"Suicide mortality rate (per 100,000 population)",SH.STA.SUIC.P5,Bosnia and Herzegovina,BIH,10.7,11.5,10.8,10.7,10.5,10.6,10.4,10.6,10.6,10.7,10.5,10.5,10.8,10.9,..
"Suicide mortality rate (per 100,000 population)",SH.STA.SUIC.P5,Botswana,BWA,32,29.3,28.4,25.1,24.4,22.7,22.6,21.6,19.6,19,17.8,17.4,17.4,16.1,..
"Suicide mortality rate (per 100,000 population)",SH.STA.SUIC.P5,Brazil,BRA,4.7,4.9,5.1,5.1,5,5.2,5.4,5.6,5.6,5.9,6,6.6,7,6.9,..
"Suicide mortality rate (per 100,000 population)",SH.STA.SUIC.P5,British Virgin Islands,VGB,..,..,..,..,..,..,..,..,..,..,..,..,..,..,..
"Suicide mortality rate (per 100,000 population)",SH.STA.SUIC.P5,Brunei Darussalam,BRN,2.9,2.6,2.1,1.8,1.3,1.9,2.1,1.8,1.8,1.9,2.6,3.3,3.1,2.7,..
"Suicide mortality rate (per 100,000 population)",SH.STA.SUIC.P5,Bulgaria,BGR,13.4,12.5,13.2,12.3,12.4,11,12.5,10.5,10.4,9.8,9.7,10.3,9.7,9.7,..
"Suicide mortality rate (per 100,000 population)",SH.STA.SUIC.P5,Burkina Faso,BFA,8.1,8.1,8,8,8,7.9,8.3,8.3,8,8,7.8,7.7,7.6,7.5,..
"Suicide mortality rate (per 100,000 population)",SH.STA.SUIC.P5,Burundi,BDI,8.9,8.4,7.9,7.7,7.6,7.4,7.1,7,6.7,6.4,6.4,6.4,6.3,6.2,..
"Suicide mortality rate (per 100,000 population)",SH.STA.SUIC.P5,Cabo Verde,CPV,13.1,13.5,14,14.4,14.8,14.8,14.9,14.6,14.4,14.4,14.4,14.2,13.4,12.9,..
"Suicide mortality rate (per 100,000 population)",SH.STA.SUIC.P5,Cambodia,KHM,5.7,5.7,5.6,5.4,5.4,5.3,5.2,5.2,5.1,5.1,5.1,5,4.9,4.9,..
"Suicide mortality rate (per 100,000 population)",SH.STA.SUIC.P5,Cameroon,CMR,11.7,11.4,11.2,11.1,10.8,10.8,10.6,10.4,10,9.5,9.2,9,8.9,9,..
"Suicide mortality rate (per 100,000 population)",SH.STA.SUIC.P5,Canada,CAN,11.2,11.5,11.5,12,12.1,11.3,11.8,12.1,12.7,13,11.9,13,12,11.8,..
"Suicide mortality rate (per 100,000 population)",SH.STA.SUIC.P5,Cayman Islands,CYM,..,..,..,..,..,..,..,..,..,..,..,..,..,..,..
"Suicide mortality rate (per 100,000 population)",SH.STA.SUIC.P5,Central African Republic,CAF,15.7,15.4,15.1,16,15.8,15.4,14.7,14.9,15.6,14.4,13.7,14.3,12.8,12.3,..
"Suicide mortality rate (per 100,000 population)",SH.STA.SUIC.P5,Chad,TCD,7.5,7.7,7.5,7.6,7.7,7.7,7.6,7.4,7.1,6.8,6.7,6.7,6.6,6.4,..
"Suicide mortality rate (per 100,000 population)",SH.STA.SUIC.P5,Channel Islands,CHI,..,..,..,..,..,..,..,..,..,..,..,..,..,..,..
"Suicide mortality rate (per 100,000 population)",SH.STA.SUIC.P5,Chile,CHL,10,11,12.2,12.7,11.6,11.7,10.5,9.8,9.9,10,10,9.3,8.8,9,..
"Suicide mortality rate (per 100,000 population)",SH.STA.SUIC.P5,China,CHN,12.1,11.5,11.1,10.7,10.2,9.6,9,8.6,8.4,8.1,8.2,8.1,8.1,8.1,..
"Suicide mortality rate (per 100,000 population)",SH.STA.SUIC.P5,Colombia,COL,4.1,4.1,4.2,4.1,3.8,3.7,3.8,3.7,3.8,4.1,4.2,4.7,4,3.9,..
"Suicide mortality rate (per 100,000 population)",SH.STA.SUIC.P5,Comoros,COM,5.4,5.3,5.4,5,5.6,5.1,5.2,5.2,5.5,5.5,5.5,5.4,5.4,5.4,..
"Suicide mortality rate (per 100,000 population)",SH.STA.SUIC.P5,"Congo, Dem. Rep.",COD,7.4,7.2,7.1,7.3,7.2,7.1,6.9,6.8,6.7,6.6,6.5,6.5,6.7,6.7,..
"Suicide mortality rate (per 100,000 population)",SH.STA.SUIC.P5,"Congo, Rep.",COG,9.6,9.3,8.9,9.3,9,8.7,8.9,8.2,7.5,6.8,6.7,6.6,6.5,6.5,..
"Suicide mortality rate (per 100,000 population)",SH.STA.SUIC.P5,Costa Rica,CRI,8.4,5.7,5.5,5.6,6.9,6.9,6.6,6.7,5.6,6.7,7.7,6.1,7.2,8.1,..
"Suicide mortality rate (per 100,000 population)",SH.STA.SUIC.P5,Cote d'Ivoire,CIV,11.6,11.5,10.6,11,11.4,11.1,11.3,11.1,10.5,10,9.6,9.2,9,8.9,..
"Suicide mortality rate (per 100,000 population)",SH.STA.SUIC.P5,Croatia,HRV,18.3,18.1,18.4,18.3,18.3,16.4,18.4,16.5,17.3,17.6,16.4,15.7,16.4,16.4,..
"Suicide mortality rate (per 100,000 population)",SH.STA.SUIC.P5,Cuba,CUB,12.7,12.2,12.9,13.7,14.4,14.1,13.8,13.9,13.4,14,13.4,14.5,14.3,14.5,..
"Suicide mortality rate (per 100,000 population)",SH.STA.SUIC.P5,Curacao,CUW,..,..,..,..,..,..,..,..,..,..,..,..,..,..,..
"Suicide mortality rate (per 100,000 population)",SH.STA.SUIC.P5,Cyprus,CYP,3.5,3.1,6.1,4.5,5.3,4.3,5.4,5.7,5.4,4.7,4.6,3.7,4.2,3.6,..
"Suicide mortality rate (per 100,000 population)",SH.STA.SUIC.P5,Czech Republic,CZE,14.5,14.1,14.2,15,15,16.1,16.7,15.7,14.8,13.6,13,13.9,13.6,12.2,..
"Suicide mortality rate (per 100,000 population)",SH.STA.SUIC.P5,Denmark,DNK,14.7,12.6,13.1,12.9,11.8,12.6,12.8,12.1,12,10.9,10.9,11.3,11.4,10.7,..
"Suicide mortality rate (per 100,000 population)",SH.STA.SUIC.P5,Djibouti,DJI,7.5,7.5,7.6,7.8,8.2,8.5,8.7,9,9.2,9,9.3,9.7,9.7,9.6,..
"Suicide mortality rate (per 100,000 population)",SH.STA.SUIC.P5,Dominica,DMA,..,..,..,..,..,..,..,..,..,..,..,..,..,..,..
"Suicide mortality rate (per 100,000 population)",SH.STA.SUIC.P5,Dominican Republic,DOM,4.7,4.8,4.8,4.9,4.7,4.9,5.2,5.5,6.1,6.4,6.4,5.7,5.2,4.9,..
"Suicide mortality rate (per 100,000 population)",SH.STA.SUIC.P5,Ecuador,ECU,10,10.2,10.5,10.5,9.9,9.8,10.1,9.6,8.8,8.8,9,9.2,8.1,7.6,..
"Suicide mortality rate (per 100,000 population)",SH.STA.SUIC.P5,"Egypt, Arab Rep.",EGY,3.1,3.1,3.1,3.1,3.2,3.3,3.4,3.4,3.3,3.3,3.2,3,3,3,..
"Suicide mortality rate (per 100,000 population)",SH.STA.SUIC.P5,El Salvador,SLV,6.6,7.9,6.8,8.6,6.1,8,6.8,6.4,5.8,6.9,5.7,6.1,6,6.1,..
"Suicide mortality rate (per 100,000 population)",SH.STA.SUIC.P5,Equatorial Guinea,GNQ,9.2,9,8.8,8.9,10,11.2,10,8.4,8.8,9.8,9.3,7.8,8.3,7.9,..
"Suicide mortality rate (per 100,000 population)",SH.STA.SUIC.P5,Eritrea,ERI,13.2,12.9,13.3,13,12.7,12.5,12.3,12,11.7,11.6,11.5,11.3,11.3,10.9,..
"Suicide mortality rate (per 100,000 population)",SH.STA.SUIC.P5,Estonia,EST,20.9,21.4,19.4,23.3,18.8,18.2,21.1,18.9,19.5,15.9,15.7,18.7,15.3,14.9,..
"Suicide mortality rate (per 100,000 population)",SH.STA.SUIC.P5,Eswatini,SWZ,47.3,53.9,55,54.2,50.4,47,47.6,44.6,39.2,35.1,32.8,30.4,28.5,29.4,..
"Suicide mortality rate (per 100,000 population)",SH.STA.SUIC.P5,Ethiopia,ETH,7.8,7.7,7.6,7.4,7.1,6.7,6.1,5.7,5.5,5.5,5.5,5.4,5.4,5.4,..
"Suicide mortality rate (per 100,000 population)",SH.STA.SUIC.P5,Faroe Islands,FRO,..,..,..,..,..,..,..,..,..,..,..,..,..,..,..
"Suicide mortality rate (per 100,000 population)",SH.STA.SUIC.P5,Fiji,FJI,9.2,9.4,9.6,9.7,9.6,9.8,10,10,9.7,9.4,9.4,9.3,9.1,9,..
"Suicide mortality rate (per 100,000 population)",SH.STA.SUIC.P5,Finland,FIN,21,19.7,20.6,20.4,18.6,17.9,17,17.2,15.4,14,15.2,15.9,16.2,15.3,..
"Suicide mortality rate (per 100,000 population)",SH.STA.SUIC.P5,France,FRA,18.5,17.9,18.2,18.4,18.2,18,17.8,17,15.6,15.8,14.9,14.6,14.2,13.8,..
"Suicide mortality rate (per 100,000 population)",SH.STA.SUIC.P5,French Polynesia,PYF,..,..,..,..,..,..,..,..,..,..,..,..,..,..,..
"Suicide mortality rate (per 100,000 population)",SH.STA.SUIC.P5,Gabon,GAB,10.6,10.4,11.3,10.2,10.1,10,8.9,8.6,9.8,9.6,9.2,8.8,8.6,8.4,..
"Suicide mortality rate (per 100,000 population)",SH.STA.SUIC.P5,"Gambia, The",GMB,5.7,5.7,5.6,5.5,5.3,5.4,5.3,5.3,5.3,5.1,4.9,4.9,4.8,4.8,..
"Suicide mortality rate (per 100,000 population)",SH.STA.SUIC.P5,Georgia,GEO,6.2,6.1,7.5,8.5,8.3,8.7,9.2,9.8,10.3,10.5,10.7,9.6,9.4,9.2,..
"Suicide mortality rate (per 100,000 population)",SH.STA.SUIC.P5,Germany,DEU,12.8,12.4,12.5,12.8,13.2,13.2,12.9,13.4,13.4,13.3,13,12.6,12.9,12.3,..
"Suicide mortality rate (per 100,000 population)",SH.STA.SUIC.P5,Ghana,GHA,7,7.2,7.5,7.6,7.8,7.8,7.8,7.7,7.5,7.3,7.2,7,6.6,6.6,..
"Suicide mortality rate (per 100,000 population)",SH.STA.SUIC.P5,Gibraltar,GIB,..,..,..,..,..,..,..,..,..,..,..,..,..,..,..
"Suicide mortality rate (per 100,000 population)",SH.STA.SUIC.P5,Greece,GRC,3.7,3,3.4,3.6,3.5,4.4,4.8,5,5.3,5,4.7,5.1,5.1,5.1,..
"Suicide mortality rate (per 100,000 population)",SH.STA.SUIC.P5,Greenland,GRL,..,..,..,..,..,..,..,..,..,..,..,..,..,..,..
"Suicide mortality rate (per 100,000 population)",SH.STA.SUIC.P5,Grenada,GRD,5.1,2,2.4,0.7,0.9,1.7,1.7,1.2,0.6,0.7,1,0.6,0.3,0.7,..
"Suicide mortality rate (per 100,000 population)",SH.STA.SUIC.P5,Guam,GUM,..,..,..,..,..,..,..,..,..,..,..,..,..,..,..
"Suicide mortality rate (per 100,000 population)",SH.STA.SUIC.P5,Guatemala,GTM,10.7,8.3,8,7.9,7.3,6.6,6.1,5.9,5.8,5.8,5.7,5.6,6,5.9,..
"Suicide mortality rate (per 100,000 population)",SH.STA.SUIC.P5,Guinea,GIN,6,6.3,6.3,6.4,6.8,7,7.1,7.3,7.1,7.2,7.1,7,6.9,7,..
"Suicide mortality rate (per 100,000 population)",SH.STA.SUIC.P5,Guinea-Bissau,GNB,8.4,8.4,8.4,8.5,8.4,8.2,8,8.1,7.8,7.3,7.3,7.3,7.2,7,..
"Suicide mortality rate (per 100,000 population)",SH.STA.SUIC.P5,Guyana,GUY,30.7,30.9,30,32.9,33.3,32.6,35,38.2,37.2,37.3,37.9,38.5,39.5,40.3,..
"Suicide mortality rate (per 100,000 population)",SH.STA.SUIC.P5,Haiti,HTI,9.6,10,10.1,10.3,10.9,10.1,10,9.9,10,10,9.8,9.7,9.7,9.6,..
"Suicide mortality rate (per 100,000 population)",SH.STA.SUIC.P5,Honduras,HND,2.2,2.1,2.1,2,2,1.9,3.3,3.2,3.4,4,2,2.1,2,2.1,..
"Suicide mortality rate (per 100,000 population)",SH.STA.SUIC.P5,"Hong Kong SAR, China",HKG,..,..,..,..,..,..,..,..,..,..,..,..,..,..,..
"Suicide mortality rate (per 100,000 population)",SH.STA.SUIC.P5,Hungary,HUN,24.9,25,25.4,25.4,25.5,25.1,24.8,22.1,20.4,19.9,18.7,17.5,17.7,16.6,..
"Suicide mortality rate (per 100,000 population)",SH.STA.SUIC.P5,Iceland,ISL,12.5,14.8,14.8,14.3,12.8,11.6,13.5,13.9,15.7,14.3,13,12.2,10.8,11.9,..
"Suicide mortality rate (per 100,000 population)",SH.STA.SUIC.P5,India,IND,15.6,15.3,15.1,14.5,14.6,14.7,14.3,13.7,12.8,12.3,12.1,12,12.6,12.7,..
"Suicide mortality rate (per 100,000 population)",SH.STA.SUIC.P5,Indonesia,IDN,2.9,2.9,2.8,2.7,2.6,2.6,2.5,2.5,2.4,2.4,2.4,2.4,2.4,2.4,..
"Suicide mortality rate (per 100,000 population)",SH.STA.SUIC.P5,"Iran, Islamic Rep.",IRN,6,6.4,6.2,6.2,6.3,6.8,6.7,6.6,6.5,6.3,6.2,6,5.7,5.2,..
"Suicide mortality rate (per 100,000 population)",SH.STA.SUIC.P5,Iraq,IRQ,3.8,3.7,3.6,3.7,3.9,4.1,4.1,4.2,4.1,4.1,4,3.9,3.7,3.6,..
"Suicide mortality rate (per 100,000 population)",SH.STA.SUIC.P5,Ireland,IRL,10.9,11.5,12.2,14,11.9,12.5,12.4,11.4,11,9.3,10,10,9.9,9.6,..
"Suicide mortality rate (per 100,000 population)",SH.STA.SUIC.P5,Isle of Man,IMN,..,..,..,..,..,..,..,..,..,..,..,..,..,..,..
"Suicide mortality rate (per 100,000 population)",SH.STA.SUIC.P5,Israel,ISR,5.5,5.2,5.3,6,6.7,5.7,6.1,5.2,5.1,4.5,5.2,5.1,5.4,5.3,..
"Suicide mortality rate (per 100,000 population)",SH.STA.SUIC.P5,Italy,ITA,6.7,6.7,6.9,7,6.9,7.4,7.6,7.5,7.2,7.1,6.6,7.1,6.7,6.7,..
"Suicide mortality rate (per 100,000 population)",SH.STA.SUIC.P5,Jamaica,JAM,1.5,1.8,2.2,2.3,1.9,2.2,2.1,2,2.2,2.2,2.2,2.3,2.3,2.4,..
"Suicide mortality rate (per 100,000 population)",SH.STA.SUIC.P5,Japan,JPN,23.9,25,24.4,24.9,24.1,23.4,21.6,21.4,20.1,19.1,17.5,17,16.7,15.3,..
"Suicide mortality rate (per 100,000 population)",SH.STA.SUIC.P5,Jordan,JOR,1.9,1.7,1.7,1.6,1.5,1.5,1.5,1.5,1.5,1.5,1.5,1.5,1.6,1.6,..
"Suicide mortality rate (per 100,000 population)",SH.STA.SUIC.P5,Kazakhstan,KAZ,38,38,34.6,30.3,29.9,28.7,27.6,26.3,24.2,23.2,21.7,20.8,19,17.6,..
"Suicide mortality rate (per 100,000 population)",SH.STA.SUIC.P5,Kenya,KEN,6,6.3,6.2,6,6,5.9,5.9,5.9,5.7,5.5,5.4,5.6,6,6.1,..
"Suicide mortality rate (per 100,000 population)",SH.STA.SUIC.P5,Kiribati,KIR,29.4,30.9,31.5,30.9,30.7,30.8,30,30.5,29.8,29.7,29.5,29.6,28.1,28.3,..
"Suicide mortality rate (per 100,000 population)",SH.STA.SUIC.P5,"Korea, Dem. People's Rep.",PRK,8.9,9,9.4,9.4,9.5,9.7,9.7,9.9,10,10.5,10.4,9.8,9.3,9.4,..
"Suicide mortality rate (per 100,000 population)",SH.STA.SUIC.P5,"Korea, Rep.",KOR,23.7,26.7,28.6,34.2,34,34.5,30.2,30.6,29,28,27.2,25.8,28.6,28.6,..
"Suicide mortality rate (per 100,000 population)",SH.STA.SUIC.P5,Kosovo,XKX,..,..,..,..,..,..,..,..,..,..,..,..,..,..,..
"Suicide mortality rate (per 100,000 population)",SH.STA.SUIC.P5,Kuwait,KWT,2.7,2.6,2.9,2.7,2.5,2.3,2.4,2.4,2.5,2.6,2.6,2.7,2.8,2.9,..
"Suicide mortality rate (per 100,000 population)",SH.STA.SUIC.P5,Kyrgyz Republic,KGZ,13.1,12.6,12.3,11.9,11.4,11.3,10.9,10.5,10.5,9.9,8.6,8.3,8,7.4,..
"Suicide mortality rate (per 100,000 population)",SH.STA.SUIC.P5,Lao PDR,LAO,6.4,6.3,6.3,6.1,6,5.9,5.7,5.7,5.5,5.6,5.6,5.6,5.6,5.4,..
"Suicide mortality rate (per 100,000 population)",SH.STA.SUIC.P5,Latvia,LVA,23.2,20.9,26.4,26.3,22.5,22.7,23.5,20.6,20.7,21.6,21.3,21.4,18.1,20.1,..
"Suicide mortality rate (per 100,000 population)",SH.STA.SUIC.P5,Lebanon,LBN,2.5,2.9,2.9,3,3,3,3,3,2.8,2.8,2.7,3,2.5,2.8,..
"Suicide mortality rate (per 100,000 population)",SH.STA.SUIC.P5,Lesotho,LSO,40.3,45,57.8,63.3,65.4,69.5,79.1,87.6,92.6,92.4,87,78.3,76.6,72.4,..
"Suicide mortality rate (per 100,000 population)",SH.STA.SUIC.P5,Liberia,LBR,4.8,4.9,4.8,4.8,4.9,5,5,4.9,4.9,4.5,4.5,4.5,4.4,4.5,..
"Suicide mortality rate (per 100,000 population)",SH.STA.SUIC.P5,Libya,LBY,4.2,4.9,5.4,5.7,5.6,5.1,5.7,4.8,6.3,5.6,5,5.5,5.8,4.5,..
"Suicide mortality rate (per 100,000 population)",SH.STA.SUIC.P5,Liechtenstein,LIE,..,..,..,..,..,..,..,..,..,..,..,..,..,..,..
"Suicide mortality rate (per 100,000 population)",SH.STA.SUIC.P5,Lithuania,LTU,35.2,34.5,37.8,39.2,37.2,38.1,35,40.5,35.6,34.9,32.8,29.7,27.4,26.1,..
"Suicide mortality rate (per 100,000 population)",SH.STA.SUIC.P5,Luxembourg,LUX,15.2,14,13.4,11.3,12,11.9,11.3,11.3,12.7,12.2,10.2,9.8,10.6,11.3,..
"Suicide mortality rate (per 100,000 population)",SH.STA.SUIC.P5,"Macao SAR, China",MAC,..,..,..,..,..,..,..,..,..,..,..,..,..,..,..
"Suicide mortality rate (per 100,000 population)",SH.STA.SUIC.P5,Madagascar,MDG,5.8,5.7,5.7,5.7,5.7,5.7,5.6,5.6,5.6,5.5,5.5,5.5,5.5,5.5,..
"Suicide mortality rate (per 100,000 population)",SH.STA.SUIC.P5,Malawi,MWI,7.5,7.8,7.6,8,8.2,7.3,6.8,6.4,6.3,6.2,6.1,5.9,5.6,5.4,..
"Suicide mortality rate (per 100,000 population)",SH.STA.SUIC.P5,Malaysia,MYS,4.5,4.4,4.5,4.6,4.5,4.6,4.6,4.4,4.6,4.8,5.1,5.4,5.4,5.7,..
"Suicide mortality rate (per 100,000 population)",SH.STA.SUIC.P5,Maldives,MDV,3.1,3,3.1,2.9,2.7,2.6,2.6,2.6,2.7,2.8,3.1,3.1,2.9,2.7,..
"Suicide mortality rate (per 100,000 population)",SH.STA.SUIC.P5,Mali,MLI,4.5,4.6,4.6,4.6,4.5,4.5,4.5,4.5,4.4,4.3,4.2,4.1,4.1,4.1,..
"Suicide mortality rate (per 100,000 population)",SH.STA.SUIC.P5,Malta,MLT,6.8,5.5,6.4,6.9,7.5,6.8,6,6.8,7.1,7.2,5.8,5.5,6,6.1,..
"Suicide mortality rate (per 100,000 population)",SH.STA.SUIC.P5,Marshall Islands,MHL,..,..,..,..,..,..,..,..,..,..,..,..,..,..,..
"Suicide mortality rate (per 100,000 population)",SH.STA.SUIC.P5,Mauritania,MRT,3.2,3.2,3.1,3.1,3.1,3,3.1,3.1,3.1,3,3,3.1,3.1,3.1,..
"Suicide mortality rate (per 100,000 population)",SH.STA.SUIC.P5,Mauritius,MUS,9.2,10.3,6.7,9.1,7.8,9,9.6,8.2,10.2,7.9,8.1,9.6,8.7,9.5,..
"Suicide mortality rate (per 100,000 population)",SH.STA.SUIC.P5,Mexico,MEX,4,4.1,4.4,4.6,4.5,5.2,4.9,5.2,5.7,5.6,5.6,5.9,5.4,5.3,..
"Suicide mortality rate (per 100,000 population)",SH.STA.SUIC.P5,"Micronesia, Fed. Sts.",FSM,24.6,24.4,24.5,24.5,24.5,25.2,25.5,25.6,25.8,27,27,27.7,28.2,28.2,..
"Suicide mortality rate (per 100,000 population)",SH.STA.SUIC.P5,Moldova,MDA,19.7,17.2,19.1,19.7,20.5,15.3,17,17,17.2,16.2,15.9,14.9,14.4,14.7,..
"Suicide mortality rate (per 100,000 population)",SH.STA.SUIC.P5,Monaco,MCO,..,..,..,..,..,..,..,..,..,..,..,..,..,..,..
"Suicide mortality rate (per 100,000 population)",SH.STA.SUIC.P5,Mongolia,MNG,23.7,23.6,23.8,23.6,23.4,22.7,21.7,21,20,20,20.1,19.2,18.6,17.9,..
"Suicide mortality rate (per 100,000 population)",SH.STA.SUIC.P5,Montenegro,MNE,22.3,21,20.9,20.9,20.3,20.9,21,20.4,20.6,20.7,20.8,21.1,21.2,21,..
"Suicide mortality rate (per 100,000 population)",SH.STA.SUIC.P5,Morocco,MAR,9.3,9.3,9.3,9.2,9.2,9.2,8.9,8,7.7,7.4,7.2,7.1,7.2,7.2,..
"Suicide mortality rate (per 100,000 population)",SH.STA.SUIC.P5,Mozambique,MOZ,12.6,12.6,13.5,14.5,14.9,15.3,15.7,15.3,14.4,13.9,13.6,13.4,13.5,13.6,..
"Suicide mortality rate (per 100,000 population)",SH.STA.SUIC.P5,Myanmar,MMR,4.1,3.9,3.6,3.6,3.5,3.4,3.3,3.3,3.2,3.2,3.2,3,2.9,2.9,..
"Suicide mortality rate (per 100,000 population)",SH.STA.SUIC.P5,Namibia,NAM,17.7,17.3,14.1,13.1,12.9,11.4,10.2,10.2,10.9,11.6,10.7,10.9,9.9,9.7,..
"Suicide mortality rate (per 100,000 population)",SH.STA.SUIC.P5,Nauru,NRU,..,..,..,..,..,..,..,..,..,..,..,..,..,..,..
"Suicide mortality rate (per 100,000 population)",SH.STA.SUIC.P5,Nepal,NPL,7.7,8,8.3,8.5,8.7,8.9,8.9,8.7,8.5,8.5,8.5,8.7,8.8,9,..
"Suicide mortality rate (per 100,000 population)",SH.STA.SUIC.P5,Netherlands,NLD,9.6,8.4,9,9.5,9.8,10.1,10.7,11.8,11.6,11.8,11.9,12.1,11.4,11.8,..
"Suicide mortality rate (per 100,000 population)",SH.STA.SUIC.P5,New Caledonia,NCL,..,..,..,..,..,..,..,..,..,..,..,..,..,..,..
"Suicide mortality rate (per 100,000 population)",SH.STA.SUIC.P5,New Zealand,NZL,13.1,12.3,12.4,11.5,12.6,11.4,12.7,12.2,11.3,11.7,12.2,12.7,11.4,11,..
"Suicide mortality rate (per 100,000 population)",SH.STA.SUIC.P5,Nicaragua,NIC,4.6,4.9,5.1,5,4.8,5.5,4.4,5.3,4.5,4.2,4.4,4.4,4.5,4.4,..
"Suicide mortality rate (per 100,000 population)",SH.STA.SUIC.P5,Niger,NER,5.2,5.3,5.2,5.3,5.3,5.4,5.5,5.5,5.5,5.4,5.3,5.3,5.3,5.3,..
"Suicide mortality rate (per 100,000 population)",SH.STA.SUIC.P5,Nigeria,NGA,4.7,4.7,4.6,4.5,4.4,4.4,4.2,4.1,3.9,3.7,3.7,3.6,3.5,3.5,..
"Suicide mortality rate (per 100,000 population)",SH.STA.SUIC.P5,North Macedonia,MKD,9.7,9.4,9.4,9.7,7.1,7.4,10,9.7,9.3,9.2,9.3,9.3,9.4,9.4,..
"Suicide mortality rate (per 100,000 population)",SH.STA.SUIC.P5,Northern Mariana Islands,MNP,..,..,..,..,..,..,..,..,..,..,..,..,..,..,..
"Suicide mortality rate (per 100,000 population)",SH.STA.SUIC.P5,Norway,NOR,12.8,11.8,11.8,13,12.4,13.3,11.4,11.8,11.6,12.5,12.6,12.1,12,11.8,..
"Suicide mortality rate (per 100,000 population)",SH.STA.SUIC.P5,Oman,OMN,6.5,6.8,6.8,6.5,6.7,6.1,5.4,5.3,5.1,5,4.7,4.7,4.7,4.9,..
"Suicide mortality rate (per 100,000 population)",SH.STA.SUIC.P5,Pakistan,PAK,9.2,9.1,9,8.8,8.8,8.7,8.8,8.9,8.9,9,9.1,9.1,8.9,8.9,..
"Suicide mortality rate (per 100,000 population)",SH.STA.SUIC.P5,Palau,PLW,..,..,..,..,..,..,..,..,..,..,..,..,..,..,..
"Suicide mortality rate (per 100,000 population)",SH.STA.SUIC.P5,Panama,PAN,5.7,4.9,5.4,4.8,4.2,3.8,3.6,3.4,4.1,2.9,3.3,3.2,2.9,2.9,..
"Suicide mortality rate (per 100,000 population)",SH.STA.SUIC.P5,Papua New Guinea,PNG,2.4,2.5,2.5,2.4,2.6,2.6,2.7,2.7,2.9,3,3,2.8,2.9,3,..
"Suicide mortality rate (per 100,000 population)",SH.STA.SUIC.P5,Paraguay,PRY,4.2,3.8,3.6,4.4,3.5,4.6,4.6,4.9,5.9,5.7,5.3,6.1,6,6,..
"Suicide mortality rate (per 100,000 population)",SH.STA.SUIC.P5,Peru,PER,2.7,2.6,2.7,3.3,3.5,3.3,3.2,3.1,2.9,2.7,2.6,2.7,2.8,2.8,..
"Suicide mortality rate (per 100,000 population)",SH.STA.SUIC.P5,Philippines,PHL,2,1.9,2,2.3,2.4,2.7,2.4,2.4,2.3,2.3,2.2,2.2,2.2,2.2,..
"Suicide mortality rate (per 100,000 population)",SH.STA.SUIC.P5,Poland,POL,17.1,15.7,17,19.2,18.6,18,18.5,18.2,17.4,15.9,13.8,13.3,12.7,11.3,..
"Suicide mortality rate (per 100,000 population)",SH.STA.SUIC.P5,Portugal,PRT,11.5,12.6,13.1,13.1,13.6,12.3,13.5,12.5,14.2,13.2,11.4,12,11.7,11.5,..
"Suicide mortality rate (per 100,000 population)",SH.STA.SUIC.P5,Puerto Rico,PRI,..,..,..,..,..,..,..,..,..,..,..,..,..,..,..
"Suicide mortality rate (per 100,000 population)",SH.STA.SUIC.P5,Qatar,QAT,6.8,8.4,8.3,8.4,8.2,8,7.4,6.7,6.3,6.1,6.1,5.8,5.8,5.8,..
"Suicide mortality rate (per 100,000 population)",SH.STA.SUIC.P5,Romania,ROU,12.9,11.6,11.7,12.2,13.2,12.1,12.6,12.2,11.3,11.5,10.2,10.1,10.2,9.7,..
"Suicide mortality rate (per 100,000 population)",SH.STA.SUIC.P5,Russian Federation,RUS,44.8,41.7,40.7,38.4,38.1,35.9,34.4,33.5,33.8,32,31,28.2,27.1,25.1,..
"Suicide mortality rate (per 100,000 population)",SH.STA.SUIC.P5,Rwanda,RWA,8.4,8,7.5,7,6.6,6.2,6,5.8,5.8,5.7,5.7,5.6,5.6,5.6,..
"Suicide mortality rate (per 100,000 population)",SH.STA.SUIC.P5,Samoa,WSM,13,12.9,12.8,11,12.8,12.8,12.7,12.1,12.8,12.7,12.8,12.6,12.6,12.6,..
"Suicide mortality rate (per 100,000 population)",SH.STA.SUIC.P5,San Marino,SMR,..,..,..,..,..,..,..,..,..,..,..,..,..,..,..
"Suicide mortality rate (per 100,000 population)",SH.STA.SUIC.P5,Sao Tome and Principe,STP,1.5,1.6,1.6,1.5,1.5,1.4,1.5,1.5,1.5,1.5,1.5,1.5,1.5,1.5,..
"Suicide mortality rate (per 100,000 population)",SH.STA.SUIC.P5,Saudi Arabia,SAU,4,4.3,4.6,5,5.5,6.1,6.4,6.5,6.6,6.3,6.3,6.2,6.1,6,..
"Suicide mortality rate (per 100,000 population)",SH.STA.SUIC.P5,Senegal,SEN,7,6.7,6.8,6.7,6.6,6.5,6.5,6.5,6.5,6.4,6.3,6.2,6.1,6,..
"Suicide mortality rate (per 100,000 population)",SH.STA.SUIC.P5,Serbia,SRB,19.5,18.7,18,19.5,17.2,18,18.2,17.9,17,16.4,15.2,0.6,11.3,11.4,..
"Suicide mortality rate (per 100,000 population)",SH.STA.SUIC.P5,Seychelles,SYC,8.1,7.6,7.8,7.5,7.8,7.9,7.7,7.7,7.9,8,8,8.3,8.2,8.1,..
"Suicide mortality rate (per 100,000 population)",SH.STA.SUIC.P5,Sierra Leone,SLE,6.5,6.4,6.5,6.6,6.8,6.5,6.6,6.3,6.2,5.9,6.2,6.3,6.6,6.7,..
"Suicide mortality rate (per 100,000 population)",SH.STA.SUIC.P5,Singapore,SGP,11.7,10.7,10.4,10.5,9.9,9.6,11.3,10.3,10.2,9,9.1,9,9.4,11.2,..
"Suicide mortality rate (per 100,000 population)",SH.STA.SUIC.P5,Sint Maarten (Dutch part),SXM,..,..,..,..,..,..,..,..,..,..,..,..,..,..,..
"Suicide mortality rate (per 100,000 population)",SH.STA.SUIC.P5,Slovak Republic,SVK,14.5,14,12.7,13.1,13.6,12.9,12.6,12.3,12.9,12.4,12.3,12.3,12.2,12.1,..
"Suicide mortality rate (per 100,000 population)",SH.STA.SUIC.P5,Slovenia,SVN,27.9,22.9,20.6,22.5,20.7,21.6,22,22.2,19.6,21,19,20.9,17.8,19.8,..
"Suicide mortality rate (per 100,000 population)",SH.STA.SUIC.P5,Solomon Islands,SLB,14.1,15.2,15.8,15.8,15.7,15.7,15.6,15.4,15.3,15.2,15.1,15.1,15,14.7,..
"Suicide mortality rate (per 100,000 population)",SH.STA.SUIC.P5,Somalia,SOM,8.7,8.4,8.5,8.5,8.2,8.1,8.1,8.1,8.1,8,7.9,8,8,7.9,..
"Suicide mortality rate (per 100,000 population)",SH.STA.SUIC.P5,South Africa,ZAF,23.6,24.6,26.7,26.7,24.6,22.4,22.9,23.7,24.1,24.5,24.4,25.2,24.1,23.5,..
"Suicide mortality rate (per 100,000 population)",SH.STA.SUIC.P5,South Sudan,SSD,3.9,3.9,3.8,3.7,3.7,3.6,3.7,3.6,3.5,3.6,3.7,3.7,3.8,3.9,..
"Suicide mortality rate (per 100,000 population)",SH.STA.SUIC.P5,Spain,ESP,7.5,7.4,7.8,7.6,6.9,7.1,7.7,8.5,8.6,7.9,7.8,8.2,7.8,7.7,..
"Suicide mortality rate (per 100,000 population)",SH.STA.SUIC.P5,Sri Lanka,LKA,18.3,20,17.5,22.7,21.9,17.9,16.6,15.2,13.1,15.1,14.8,14.4,14.2,14,..
"Suicide mortality rate (per 100,000 population)",SH.STA.SUIC.P5,St. Kitts and Nevis,KNA,..,..,..,..,..,..,..,..,..,..,..,..,..,..,..
"Suicide mortality rate (per 100,000 population)",SH.STA.SUIC.P5,St. Lucia,LCA,7.6,7.1,8,7.2,7.9,7.2,8.7,8.3,8.9,8.7,7.4,7.9,8,7.9,..
"Suicide mortality rate (per 100,000 population)",SH.STA.SUIC.P5,St. Martin (French part),MAF,..,..,..,..,..,..,..,..,..,..,..,..,..,..,..
"Suicide mortality rate (per 100,000 population)",SH.STA.SUIC.P5,St. Vincent and the Grenadines,VCT,6.2,8.4,4.2,2.6,3,5.6,5.4,3.9,1.4,3.3,0.7,0,1,1,..
"Suicide mortality rate (per 100,000 population)",SH.STA.SUIC.P5,Sudan,SDN,4.1,4.1,4.1,4.1,4,4.1,4,4,3.9,3.9,3.9,3.8,3.9,3.8,..
"Suicide mortality rate (per 100,000 population)",SH.STA.SUIC.P5,Suriname,SUR,24.6,24.5,24.5,24.4,25.5,24.3,25.2,25.1,24.7,24.8,24.4,24.5,25.5,25.4,..
"Suicide mortality rate (per 100,000 population)",SH.STA.SUIC.P5,Sweden,SWE,15,14.5,15,15.7,14.7,14.2,15,15.9,14.8,15.7,14.6,15,14.9,14.7,..
"Suicide mortality rate (per 100,000 population)",SH.STA.SUIC.P5,Switzerland,CHE,18.8,19.5,18.8,16,14.5,14.6,14.7,15.1,14.7,15,14.1,14.6,14.5,14.5,..
"Suicide mortality rate (per 100,000 population)",SH.STA.SUIC.P5,Syrian Arab Republic,SYR,1.4,1.4,1.4,1.4,1.5,1.5,1.6,1.8,1.8,1.7,1.6,1.8,1.9,2,..
"Suicide mortality rate (per 100,000 population)",SH.STA.SUIC.P5,Tajikistan,TJK,3.6,3.7,3.8,3.9,4,4,4.1,4,4.1,4.1,4.3,4.2,4.2,4.3,..
"Suicide mortality rate (per 100,000 population)",SH.STA.SUIC.P5,Tanzania,TZA,5.3,5.4,5.8,5.5,5,4.8,4.3,4.4,4.2,4.2,4.2,4.2,4.2,4.3,..
"Suicide mortality rate (per 100,000 population)",SH.STA.SUIC.P5,Thailand,THA,8.9,8.4,8.1,8,8.1,8,7.9,7.5,7.8,8,8.5,8.4,8.8,8.8,..
"Suicide mortality rate (per 100,000 population)",SH.STA.SUIC.P5,Timor-Leste,TLS,2.7,2.6,2.4,3.1,3,3.2,3.3,3.3,3.4,3.5,3.6,3.6,3.6,3.7,..
"Suicide mortality rate (per 100,000 population)",SH.STA.SUIC.P5,Togo,TGO,11,10.9,10.8,10.5,10.4,10.4,10.4,10.3,10.1,9.7,9.3,9,8.7,8.8,..
"Suicide mortality rate (per 100,000 population)",SH.STA.SUIC.P5,Tonga,TON,4,4,3.9,4.3,4.6,4.5,4.5,4.6,4.6,4.6,4.1,4.2,4,3.8,..
"Suicide mortality rate (per 100,000 population)",SH.STA.SUIC.P5,Trinidad and Tobago,TTO,11.3,11.2,13.7,11.2,11.3,9.9,9.5,10.9,10.5,10.2,9.8,9.5,9,8.7,..
"Suicide mortality rate (per 100,000 population)",SH.STA.SUIC.P5,Tunisia,TUN,3.7,3.6,3.5,3.5,3.5,3.4,3.4,3.3,3.2,3.1,3.1,3.1,3.2,3.3,..
"Suicide mortality rate (per 100,000 population)",SH.STA.SUIC.P5,Turkey,TUR,2.7,2.5,2.4,2.4,2.4,2.2,2.2,2.3,2.3,2.3,2.3,2.3,2.3,2.4,..
"Suicide mortality rate (per 100,000 population)",SH.STA.SUIC.P5,Turkmenistan,TKM,15.1,13.2,11.4,9.4,8.5,7.6,7.1,7.1,6.8,6.3,6.2,5.8,5.7,5.7,..
"Suicide mortality rate (per 100,000 population)",SH.STA.SUIC.P5,Turks and Caicos Islands,TCA,..,..,..,..,..,..,..,..,..,..,..,..,..,..,..
"Suicide mortality rate (per 100,000 population)",SH.STA.SUIC.P5,Tuvalu,TUV,..,..,..,..,..,..,..,..,..,..,..,..,..,..,..
"Suicide mortality rate (per 100,000 population)",SH.STA.SUIC.P5,Uganda,UGA,9.4,8,7.1,6.8,6.3,6.3,5.7,5.2,4.8,4.7,4.7,4.4,4.4,4.6,..
"Suicide mortality rate (per 100,000 population)",SH.STA.SUIC.P5,Ukraine,UKR,30.8,31.5,30.9,26.3,24.5,23,23.1,22.6,24.4,21.6,21.4,20.6,21.9,21.6,..
"Suicide mortality rate (per 100,000 population)",SH.STA.SUIC.P5,United Arab Emirates,ARE,8.3,8.3,8.5,8.5,8.4,8.2,7.9,7.5,7,6.5,6,5.6,6,6.4,..
"Suicide mortality rate (per 100,000 population)",SH.STA.SUIC.P5,United Kingdom,GBR,7.8,7.6,8.1,8,7.8,8.3,8.2,8.8,8.6,8.8,8.5,8.2,8.1,7.9,..
"Suicide mortality rate (per 100,000 population)",SH.STA.SUIC.P5,United States,USA,12.1,12.4,12.7,12.8,13.1,13.4,13.5,13.5,14,14.4,15.1,15.9,15.7,16.1,..
"Suicide mortality rate (per 100,000 population)",SH.STA.SUIC.P5,Uruguay,URY,15.5,17.4,15.1,15,16,16.8,17.8,15.8,17.4,18.6,21.1,20.8,21.2,21.2,..
"Suicide mortality rate (per 100,000 population)",SH.STA.SUIC.P5,Uzbekistan,UZB,8.8,8.6,8.5,8,8.1,8.5,8.9,8.9,9,9.2,9.1,8.8,8.6,8,..
"Suicide mortality rate (per 100,000 population)",SH.STA.SUIC.P5,Vanuatu,VUT,19.2,19.1,18.9,19.8,19.5,19,19.1,18.9,18.2,18.2,18,18.1,18.1,18,..
"Suicide mortality rate (per 100,000 population)",SH.STA.SUIC.P5,"Venezuela, RB",VEN,3.9,3.7,3.5,3.2,3.4,3.6,3.2,2.5,2.1,2.3,2.2,2.2,2.2,2.1,..
"Suicide mortality rate (per 100,000 population)",SH.STA.SUIC.P5,Vietnam,VNM,6.4,6.7,6.9,6.9,7,7.2,7.4,7.5,7.6,7.7,7.7,7.7,7.6,7.5,..
"Suicide mortality rate (per 100,000 population)",SH.STA.SUIC.P5,Virgin Islands (U.S.),VIR,..,..,..,..,..,..,..,..,..,..,..,..,..,..,..
"Suicide mortality rate (per 100,000 population)",SH.STA.SUIC.P5,West Bank and Gaza,PSE,..,..,..,..,..,..,..,..,..,..,..,..,..,..,..
"Suicide mortality rate (per 100,000 population)",SH.STA.SUIC.P5,"Yemen, Rep.",YEM,5.8,5.8,6,5.9,5.7,5.6,5.7,5.7,5.7,5.5,5.7,5.6,5.9,5.8,..
"Suicide mortality rate (per 100,000 population)",SH.STA.SUIC.P5,Zambia,ZMB,11.7,10.3,9.7,9.8,10.1,10.3,9.4,9.1,9,8.7,8.5,8.5,8.1,7.3,..
"Suicide mortality rate (per 100,000 population)",SH.STA.SUIC.P5,Zimbabwe,ZWE,14.4,17.2,20.1,22.2,21.5,20.7,19.7,18.6,18.2,18,16.8,15,14,14.1,..
,,,,,,,,,,,,,,,,,,
,,,,,,,,,,,,,,,,,,
,,,,,,,,,,,,,,,,,,
Data from database: Sustainable Development Goals (SDGs),,,,,,,,,,,,,,,,,,
Last Updated: 07/22/2022,,,,,,,,,,,,,,,,,,
